11564812,John Williams,testUser,1,JOHN.WILLIAMS@fanfamily.org,JohnWilliams,2018-12-20 10:01:00.999999
90873519,Elizabeth Taylor,Puvsp7b7W7QNVezh,0,LIZ.TAYLOR@fanfamily.org,LizTaylor,2018-12-20 10:01:00.999999
141582651,Mary Johnson,5x5CmtpHnLPfvLvT,0,MARY_JOHNSON@fanfamily.org,Mary,2018-12-20 10:01:00.999999
142519864,I. Teach,5x5CmtpHnLPfvLvT,0,I.Teach@fanfamily.org,I_Teach,2018-12-20 10:01:00.999999
159542516,William Moore,UdyQNZHy2H4FxUKt,0,WILLIAM.MOORE@fanfamily.org,WilliamMoore,2018-12-20 10:01:00.999999
242518965,James Smith,KUbUAKSCTyj2mXbR,0,dolphin.lover@fanfamily.org,CaptDolphin,2018-12-20 10:01:00.999999
248965255,Barbara Wilson,6CR2bwbFggJNY8qh,0,haunted.cafe@fanfamily.org,Barbara,2018-12-20 10:01:00.999999
254099823,Patricia Jones,EHx5zbAYzUS6S3UY,0,Patricia.jones@fanfamily.org,Patricia,2018-12-20 10:01:00.999999
287321212,Michael Miller,M4NYFcRjzdqW4SQj,0,Michael.Miller@fanfamily.org,Mr.Miller,2018-12-20 10:01:00.999999
356187925,Robert Brown,3PVBgxjdwSYuQ2PD,0,ROB.BROWN@fanfamily.org,BrownRobert,2018-12-20 10:01:00.999999
486512566,David Anderson,QhYwL6uJ2Nk469MQ,0,DAVID.ANDERSON@fanfamily.org,Dr.Anderson,2018-12-20 10:01:00.999999
489221823,Richard Jackson,5vZsUkvp3QWr9r7T,0,Richard.Jackson`@fanfamily.org,StarHomie,2018-12-20 10:01:00.999999
489456522,Linda Davis,tZM8cgrw2hmnxxjf,1,Linda.Davis@fanfamily.org,LindaDavis,2018-12-20 10:01:00.999999
548977562,Ulysses Teach,5whYVCt3txekyaZD,0,Ulysses.Teach@fanfamily.org,U_Teach,2018-12-20 10:01:00.999999
619023588,Jennifer Thomas,23JQGC5pYVmHhceW,0,Jenni.Thom@fanfamily.org,Jennifer,2018-12-20 10:01:00.999999